codon,aa,frequency
UAA,X,0.32
UGA,X,0.39
UAG,X,0.29
UAA,*,0.32
UGA,*,0.39
UAG,*,0.29
GCU,A,0.44
GCC,A,0.17
GCA,A,0.31
GCG,A,0.09
UGU,C,0.56
UGC,C,0.44
GAU,D,0.7
GAC,D,0.3
GAA,E,0.53
GAG,E,0.47
UUU,F,0.57
UUC,F,0.43
GGU,G,0.35
GGC,G,0.16
GGA,G,0.32
GGG,G,0.16
CAU,H,0.61
CAC,H,0.39
AUU,I,0.51
AUC,I,0.26
AUA,I,0.23
AAA,K,0.43
AAG,K,0.57
UUA,L,0.13
UUG,L,0.25
CUU,L,0.26
CUC,L,0.13
CUA,L,0.1
CUG,L,0.12
AUG,M,1
AAU,N,0.63
AAC,N,0.37
CCU,P,0.39
CCC,P,0.13
CCA,P,0.35
CCG,P,0.13
CAA,Q,0.51
CAG,Q,0.49
CGU,R,0.15
CGC,R,0.08
CGA,R,0.11
CGG,R,0.1
AGA,R,0.3
AGG,R,0.25
UCU,S,0.28
UCC,S,0.13
UCA,S,0.21
UCG,S,0.07
AGU,S,0.18
AGC,S,0.13
ACU,T,0.36
ACC,T,0.21
ACA,T,0.32
ACG,T,0.11
GUU,V,0.42
GUC,V,0.17
GUA,V,0.16
GUG,V,0.25
UGG,W,1
UAU,Y,0.55
UAC,Y,0.45
